<?xml version="1.0" encoding="UTF-8" ?>
<!-- This is a WordPress eXtended RSS file generated by WordPress as an export of your site. -->
<!-- It contains information about your site's posts, pages, comments, categories, and other content. -->
<!-- You may use this file to transfer that content from one site to another. -->
<!-- This file is not intended to serve as a complete backup of your site. -->

<!-- To import this information into a WordPress site follow these steps: -->
<!-- 1. Log in to that site as an administrator. -->
<!-- 2. Go to Tools: Import in the WordPress admin panel. -->
<!-- 3. Install the "WordPress" importer from the list. -->
<!-- 4. Activate & Run Importer. -->
<!-- 5. Upload this file using the form provided on that page. -->
<!-- 6. You will first be asked to map the authors in this export file to users -->
<!--    on the site. For each author, you may choose to map to an -->
<!--    existing user on the site or to create a new user. -->
<!-- 7. WordPress will then import each of the posts, pages, comments, categories, etc. -->
<!--    contained in this file into your site. -->

	<!-- generator="WordPress/6.1.1" created="2023-03-07 15:42" -->
<rss version="2.0"
	xmlns:excerpt="http://wordpress.org/export/1.2/excerpt/"
	xmlns:content="http://purl.org/rss/1.0/modules/content/"
	xmlns:wfw="http://wellformedweb.org/CommentAPI/"
	xmlns:dc="http://purl.org/dc/elements/1.1/"
	xmlns:wp="http://wordpress.org/export/1.2/"
>

<channel>
	<title>Giardinaggio</title>
	<link>http://giardinaggio.test</link>
	<description></description>
	<pubDate>Tue, 07 Mar 2023 15:42:23 +0000</pubDate>
	<language>it-IT</language>
	<wp:wxr_version>1.2</wp:wxr_version>
	<wp:base_site_url>http://giardinaggio.test</wp:base_site_url>
	<wp:base_blog_url>http://giardinaggio.test</wp:base_blog_url>

		<wp:author><wp:author_id>1</wp:author_id><wp:author_login><![CDATA[Chiara]]></wp:author_login><wp:author_email><![CDATA[chiara.giardino@outlook.it]]></wp:author_email><wp:author_display_name><![CDATA[Chiara]]></wp:author_display_name><wp:author_first_name><![CDATA[]]></wp:author_first_name><wp:author_last_name><![CDATA[]]></wp:author_last_name></wp:author>

				
	<generator>https://wordpress.org/?v=6.1.1</generator>

		<item>
		<title><![CDATA[Pagina di esempio]]></title>
		<link>http://giardinaggio.test/?page_id=2</link>
		<pubDate>Tue, 07 Mar 2023 13:52:23 +0000</pubDate>
		<dc:creator><![CDATA[Chiara]]></dc:creator>
		<guid isPermaLink="false">http://giardinaggio.test/?page_id=2</guid>
		<description></description>
		<content:encoded><![CDATA[<!-- wp:paragraph -->
<p>Questa è una pagina di esempio. Differisce da un articolo di un blog perché rimane sempre allo stesso posto e (in molti temi) appare nel menu di navigazione. Molte persone iniziano con una pagina di Informazioni che li presentano ai visitatori del sito. Potrebbe apparire una presentazione del tipo:</p>
<!-- /wp:paragraph -->

<!-- wp:quote -->
<blockquote class="wp-block-quote"><p>Ciao! Sono un fattorino ciclista di giorno, aspirante attore di notte e questo è il mio sito web. Vivo a Los Angeles, ho un grande cane di nome Jack e mi piace la piña colada. (E prendere la pioggia)</p></blockquote>
<!-- /wp:quote -->

<!-- wp:paragraph -->
<p>...o qualcosa di simile:</p>
<!-- /wp:paragraph -->

<!-- wp:quote -->
<blockquote class="wp-block-quote"><p>La Società XYZ Aggeggi è stata fondata nel 1971 e da allora fornisce al pubblico aggeggi di ottima qualità. Situata a Fantasilandia, XYZ impiega oltre 2.000 persone e realizza ogni sorta di aggeggio fantastico per la comunità di Fantasilandia.</p></blockquote>
<!-- /wp:quote -->

<!-- wp:paragraph -->
<p>Come nuovo utente di WordPress, dovresti andare nella tua <a href="http://giardinaggio.test/wp-admin/">Bacheca</a> per eliminare questa pagina, e crearne delle nuove per i tuoi contenuti. Divertiti!</p>
<!-- /wp:paragraph -->]]></content:encoded>
		<excerpt:encoded><![CDATA[]]></excerpt:encoded>
		<wp:post_id>2</wp:post_id>
		<wp:post_date><![CDATA[2023-03-07 14:52:23]]></wp:post_date>
		<wp:post_date_gmt><![CDATA[2023-03-07 13:52:23]]></wp:post_date_gmt>
		<wp:post_modified><![CDATA[2023-03-07 14:52:51]]></wp:post_modified>
		<wp:post_modified_gmt><![CDATA[2023-03-07 13:52:51]]></wp:post_modified_gmt>
		<wp:comment_status><![CDATA[closed]]></wp:comment_status>
		<wp:ping_status><![CDATA[open]]></wp:ping_status>
		<wp:post_name><![CDATA[pagina-di-esempio__trashed]]></wp:post_name>
		<wp:status><![CDATA[trash]]></wp:status>
		<wp:post_parent>0</wp:post_parent>
		<wp:menu_order>0</wp:menu_order>
		<wp:post_type><![CDATA[page]]></wp:post_type>
		<wp:post_password><![CDATA[]]></wp:post_password>
		<wp:is_sticky>0</wp:is_sticky>
														<wp:postmeta>
		<wp:meta_key><![CDATA[_wp_page_template]]></wp:meta_key>
		<wp:meta_value><![CDATA[default]]></wp:meta_value>
		</wp:postmeta>
							<wp:postmeta>
		<wp:meta_key><![CDATA[_wp_trash_meta_status]]></wp:meta_key>
		<wp:meta_value><![CDATA[publish]]></wp:meta_value>
		</wp:postmeta>
							<wp:postmeta>
		<wp:meta_key><![CDATA[_wp_trash_meta_time]]></wp:meta_key>
		<wp:meta_value><![CDATA[1678197171]]></wp:meta_value>
		</wp:postmeta>
							<wp:postmeta>
		<wp:meta_key><![CDATA[_wp_desired_post_slug]]></wp:meta_key>
		<wp:meta_value><![CDATA[pagina-di-esempio]]></wp:meta_value>
		</wp:postmeta>
							</item>
					<item>
		<title><![CDATA[Privacy Policy]]></title>
		<link>http://giardinaggio.test/?page_id=3</link>
		<pubDate>Tue, 07 Mar 2023 13:52:23 +0000</pubDate>
		<dc:creator><![CDATA[Chiara]]></dc:creator>
		<guid isPermaLink="false">http://giardinaggio.test/?page_id=3</guid>
		<description></description>
		<content:encoded><![CDATA[<!-- wp:heading --><h2>Chi siamo</h2><!-- /wp:heading --><!-- wp:paragraph --><p><strong class="privacy-policy-tutorial">Testo suggerito: </strong>L'indirizzo del nostro sito web è: http://giardinaggio.test.</p><!-- /wp:paragraph --><!-- wp:heading --><h2>Commenti</h2><!-- /wp:heading --><!-- wp:paragraph --><p><strong class="privacy-policy-tutorial">Testo suggerito: </strong>Quando i visitatori lasciano commenti sul sito, raccogliamo i dati mostrati nel modulo dei commenti oltre all'indirizzo IP del visitatore e la stringa dello user agent del browser per facilitare il rilevamento dello spam.</p><!-- /wp:paragraph --><!-- wp:paragraph --><p>Una stringa anonimizzata creata a partire dal tuo indirizzo email (altrimenti detta hash) può essere fornita al servizio Gravatar per vedere se lo stai usando. La privacy policy del servizio Gravatar è disponibile qui: https://automattic.com/privacy/. Dopo l'approvazione del tuo commento, la tua immagine del profilo è visibile al pubblico nel contesto del tuo commento.</p><!-- /wp:paragraph --><!-- wp:heading --><h2>Media</h2><!-- /wp:heading --><!-- wp:paragraph --><p><strong class="privacy-policy-tutorial">Testo suggerito: </strong>Se carichi immagini sul sito web, dovresti evitare di caricare immagini che includono i dati di posizione incorporati (EXIF GPS). I visitatori del sito web possono scaricare ed estrarre qualsiasi dato sulla posizione dalle immagini sul sito web.</p><!-- /wp:paragraph --><!-- wp:heading --><h2>Cookie</h2><!-- /wp:heading --><!-- wp:paragraph --><p><strong class="privacy-policy-tutorial">Testo suggerito: </strong>Se lasci un commento sul nostro sito, puoi scegliere di salvare il tuo nome, indirizzo email e sito web nei cookie. Sono usati per la tua comodità in modo che tu non debba inserire nuovamente i tuoi dati quando lasci un altro commento. Questi cookie dureranno per un anno.</p><!-- /wp:paragraph --><!-- wp:paragraph --><p>Se visiti la pagina di login, verrà impostato un cookie temporaneo per determinare se il tuo browser accetta i cookie. Questo cookie non contiene dati personali e viene eliminato quando chiudi il browser.</p><!-- /wp:paragraph --><!-- wp:paragraph --><p>Quando effettui l'accesso, verranno impostati diversi cookie per salvare le tue informazioni di accesso e le tue opzioni di visualizzazione dello schermo. I cookie di accesso durano due giorni mentre i cookie per le opzioni dello schermo durano un anno. Se selezioni &quot;Ricordami&quot;, il tuo accesso persisterà per due settimane. Se esci dal tuo account, i cookie di accesso verranno rimossi.</p><!-- /wp:paragraph --><!-- wp:paragraph --><p>Se modifichi o pubblichi un articolo, un cookie aggiuntivo verrà salvato nel tuo browser. Questo cookie non include dati personali, ma indica semplicemente l'ID dell'articolo appena modificato. Scade dopo 1 giorno.</p><!-- /wp:paragraph --><!-- wp:heading --><h2>Contenuto incorporato da altri siti web</h2><!-- /wp:heading --><!-- wp:paragraph --><p><strong class="privacy-policy-tutorial">Testo suggerito: </strong>Gli articoli su questo sito possono includere contenuti incorporati (ad esempio video, immagini, articoli, ecc.). I contenuti incorporati da altri siti web si comportano esattamente allo stesso modo come se il visitatore avesse visitato l'altro sito web.</p><!-- /wp:paragraph --><!-- wp:paragraph --><p>Questi siti web possono raccogliere dati su di te, usare cookie, integrare ulteriori tracciamenti di terze parti e monitorare l'interazione con essi, incluso il tracciamento della tua interazione con il contenuto incorporato se hai un account e sei connesso a quei siti web.</p><!-- /wp:paragraph --><!-- wp:heading --><h2>Con chi condividiamo i tuoi dati</h2><!-- /wp:heading --><!-- wp:paragraph --><p><strong class="privacy-policy-tutorial">Testo suggerito: </strong>Se richiedi una reimpostazione della password, il tuo indirizzo IP verrà incluso nell'email di reimpostazione.</p><!-- /wp:paragraph --><!-- wp:heading --><h2>Per quanto tempo conserviamo i tuoi dati</h2><!-- /wp:heading --><!-- wp:paragraph --><p><strong class="privacy-policy-tutorial">Testo suggerito: </strong>Se lasci un commento, il commento e i relativi metadati vengono conservati a tempo indeterminato. È così che possiamo riconoscere e approvare automaticamente eventuali commenti successivi invece di tenerli in una coda di moderazione.</p><!-- /wp:paragraph --><!-- wp:paragraph --><p>Per gli utenti che si registrano sul nostro sito web (se presenti), memorizziamo anche le informazioni personali che forniscono nel loro profilo utente. Tutti gli utenti possono vedere, modificare o eliminare le loro informazioni personali in qualsiasi momento (eccetto il loro nome utente che non possono cambiare). Gli amministratori del sito web possono anche vedere e modificare queste informazioni.</p><!-- /wp:paragraph --><!-- wp:heading --><h2>Quali diritti hai sui tuoi dati</h2><!-- /wp:heading --><!-- wp:paragraph --><p><strong class="privacy-policy-tutorial">Testo suggerito: </strong>Se hai un account su questo sito, o hai lasciato commenti, puoi richiedere di ricevere un file esportato dal sito con i dati personali che abbiamo su di te, compresi i dati che ci hai fornito. Puoi anche richiedere che cancelliamo tutti i dati personali che ti riguardano. Questo non include i dati che siamo obbligati a conservare per scopi amministrativi, legali o di sicurezza.</p><!-- /wp:paragraph --><!-- wp:heading --><h2>Dove i tuoi dati sono inviati</h2><!-- /wp:heading --><!-- wp:paragraph --><p><strong class="privacy-policy-tutorial">Testo suggerito: </strong>I commenti dei visitatori possono essere controllati attraverso un servizio di rilevamento automatico dello spam.</p><!-- /wp:paragraph -->]]></content:encoded>
		<excerpt:encoded><![CDATA[]]></excerpt:encoded>
		<wp:post_id>3</wp:post_id>
		<wp:post_date><![CDATA[2023-03-07 14:52:23]]></wp:post_date>
		<wp:post_date_gmt><![CDATA[2023-03-07 13:52:23]]></wp:post_date_gmt>
		<wp:post_modified><![CDATA[2023-03-07 14:52:23]]></wp:post_modified>
		<wp:post_modified_gmt><![CDATA[2023-03-07 13:52:23]]></wp:post_modified_gmt>
		<wp:comment_status><![CDATA[closed]]></wp:comment_status>
		<wp:ping_status><![CDATA[open]]></wp:ping_status>
		<wp:post_name><![CDATA[privacy-policy]]></wp:post_name>
		<wp:status><![CDATA[draft]]></wp:status>
		<wp:post_parent>0</wp:post_parent>
		<wp:menu_order>0</wp:menu_order>
		<wp:post_type><![CDATA[page]]></wp:post_type>
		<wp:post_password><![CDATA[]]></wp:post_password>
		<wp:is_sticky>0</wp:is_sticky>
														<wp:postmeta>
		<wp:meta_key><![CDATA[_wp_page_template]]></wp:meta_key>
		<wp:meta_value><![CDATA[default]]></wp:meta_value>
		</wp:postmeta>
							</item>
					<item>
		<title><![CDATA[IL FUTURO DEL GIARDINAGGIO]]></title>
		<link>http://giardinaggio.test/il-futuro-del-giardinaggio/</link>
		<pubDate>Tue, 07 Mar 2023 15:41:42 +0000</pubDate>
		<dc:creator><![CDATA[Chiara]]></dc:creator>
		<guid isPermaLink="false">http://giardinaggio.test/?page_id=7</guid>
		<description></description>
		<content:encoded><![CDATA[<!-- wp:image {"align":"wide","id":26,"sizeSlug":"large","linkDestination":"none"} -->
<figure class="wp-block-image alignwide size-large"><img src="http://giardinaggio.test/wp-content/uploads/2023/03/giardinaggio-1-1024x581.jpg" alt="" class="wp-image-26"/></figure>
<!-- /wp:image -->

<h2>Tutto quello che devi sapere sul giardinaggio</h2>
<p>Presso il nostro negozio online, potrai trovare tutto quello di cui hai bisogno per<br /><strong> mantenere, curare ed abbellire </strong>il tuo piccolo Eden personale. Esprimi tutta la tua creatività attraverso il <strong>giardinaggio fai da te!</strong></p>
<h3 style="text-align: center;">Semi</h3>
<p>Presso il nostro shop online, potrai acquistare <strong>semi di ogni genere.</strong> Che sia per un piccolo balcone, o per un vasto giardino, da noi troverai tutti i semi di alta qualità che vorrai, come per esempio:</p>
<ul>
<li style="text-align: left;">ortaggi</li>
<li>erbe aromatiche</li>
<li>piante da giardino</li>
</ul>
<p>Per ogni prodotto, <strong>riceverai un ticket, con tutte le informazioni di cui hai bisogno,</strong> come la luce, l’acqua, il fertilizzante e la semina in generale.</p>
<h3 style="text-align: center;">Attrezzi</h3>
<p>Dal vaso in cui piantare il seme, al tagliasiepi, scopri tutti i gli attrezzi per il giardinaggio. S<strong>ecchi, innaffiatoi, cesoie e vanghe. </strong>Troverai un <strong>Set di attrezzi completo</strong> di Cazzuola per Trapianto, Paletta per Terreno, Rastrello a Mano, per i balconi. Non mancano tutti gli attrezzi più “ingombranti” per la <strong>lavorazione dei delle siepi, palme o alberi come Olivi .</strong></p>
<h3 style="text-align: center;">Fertilizzanti</h3>
<p>Spesso vengono sottovalutati. Ma i fertilizzanti, in realtà, sono mezzi tecnici. Vengono utilizzati dentro agraria e floricoltura, che permettono di <strong>produrre, rimettere su, mantenere o ingrandire la fertilità del terreno.</strong></p>
<p>Ci sono gli <b>ammendanti,</b> che migliorano le proprietà fisiche del terreno.<br /><b>Gli ammendanti,</b> che migliorano le proprietà fisiche del terreno.<br /><b>I correttivi,</b> che modificano la reazione dei terreni anomali.</p>
<h3 style="text-align: center;">Attrezzature per l'irrigazione</h3>
<p>Che sia <strong>per scorrimento, a pioggia, o subirrigazione</strong>, da Giardinaggio potrai trovare il modo migliore per <strong>irrigare il tuo giardino</strong>. E sei un impianto completo non è quello che cerchi, allora dai un’occhiata agli attrezzi di irrigazione più pratici come, <strong>annaffiatoi</strong> o <strong>tubi per l’irrigazione fino a 15 metri!</strong></p>
<h3 style="text-align: center;">Decorazioni per il giardino</h3>
<p>Infine, cosa c'è di meglio dopo aver curato il nostro piccolo Eden, se non quello di decorarlo. Tra <strong>statue, fontane ed ornamenti per piante</strong>, perditi nei meandri della decorazione di esterni. <strong>Regalati il tuo piccolo spazio di pace personale</strong>, dove poter leggere un libro in tranquillità, intrattenere gli ospiti nel tuo angolo verde, o un'intera area di coltivazione.</p>
<h3 style="text-align: center;">Consigli e suggerimenti</h3>
<p>Se hai dubbi o domande in generale, siamo a tua completa disposizione! Puoi contattarci quando vuoi, oppure compilare il form che trovi qui sotto!</p>
<p> </p>
<p> </p>
<p> </p>]]></content:encoded>
		<excerpt:encoded><![CDATA[]]></excerpt:encoded>
		<wp:post_id>7</wp:post_id>
		<wp:post_date><![CDATA[2023-03-07 16:41:42]]></wp:post_date>
		<wp:post_date_gmt><![CDATA[2023-03-07 15:41:42]]></wp:post_date_gmt>
		<wp:post_modified><![CDATA[2023-03-07 16:41:43]]></wp:post_modified>
		<wp:post_modified_gmt><![CDATA[2023-03-07 15:41:43]]></wp:post_modified_gmt>
		<wp:comment_status><![CDATA[closed]]></wp:comment_status>
		<wp:ping_status><![CDATA[closed]]></wp:ping_status>
		<wp:post_name><![CDATA[il-futuro-del-giardinaggio]]></wp:post_name>
		<wp:status><![CDATA[publish]]></wp:status>
		<wp:post_parent>0</wp:post_parent>
		<wp:menu_order>0</wp:menu_order>
		<wp:post_type><![CDATA[page]]></wp:post_type>
		<wp:post_password><![CDATA[]]></wp:post_password>
		<wp:is_sticky>0</wp:is_sticky>
														<wp:postmeta>
		<wp:meta_key><![CDATA[_edit_last]]></wp:meta_key>
		<wp:meta_value><![CDATA[1]]></wp:meta_value>
		</wp:postmeta>
							<wp:postmeta>
		<wp:meta_key><![CDATA[_yoast_wpseo_focuskw]]></wp:meta_key>
		<wp:meta_value><![CDATA[Il futuro del giardinaggio]]></wp:meta_value>
		</wp:postmeta>
							<wp:postmeta>
		<wp:meta_key><![CDATA[_yoast_wpseo_linkdex]]></wp:meta_key>
		<wp:meta_value><![CDATA[56]]></wp:meta_value>
		</wp:postmeta>
							<wp:postmeta>
		<wp:meta_key><![CDATA[_yoast_wpseo_content_score]]></wp:meta_key>
		<wp:meta_value><![CDATA[90]]></wp:meta_value>
		</wp:postmeta>
							<wp:postmeta>
		<wp:meta_key><![CDATA[_yoast_wpseo_estimated-reading-time-minutes]]></wp:meta_key>
		<wp:meta_value><![CDATA[3]]></wp:meta_value>
		</wp:postmeta>
							<wp:postmeta>
		<wp:meta_key><![CDATA[_yoast_wpseo_wordproof_timestamp]]></wp:meta_key>
		<wp:meta_value><![CDATA[]]></wp:meta_value>
		</wp:postmeta>
							</item>
				</channel>
</rss>
	